Workbook

Sheet Pivot_for_tickets
A3: Row Labels | B3: Sum of Same_day | C3: Sum of same_hour
A4: 8woh-k3u-23b | B4: 1 | C4: 1
A5: wrqy-juv-978 | B5: 2 | C5: 1
A6: Grand Total | B6: 3 | C6: 2

Sheet ticket
A1: ticket_id | B1: created_at | C1: closed_at | D1: outlet_id | E1: cms_id | F1: created_date | G1: closed_date | H1: created_hour | I1: closed_at2 | J1: Same_day | K1: same_hour
A2: isu-sjd-457 | B2: 44427.379 | C2: 44430.523 | D2: wrqy-juv-978 | E2: vew-iuvd-12 | F2: =INT(B2) -> 44427 | G2: =INT(C2) -> 44430 | H2: =HOUR(B2) -> 9 | I2: =HOUR(C2) -> 12 | J2: =IF(F2=G2, 1, 0) -> 0 | K2: =IF(AND(F2=G2, H2=I2), 1, 0) -> 0
A3: qer-fal-092 | B3: 44428.379 | C3: 44429.718 | D3: 8woh-k3u-23b | E3: abc-xyz-34 | F3: =INT(B3) -> 44428 | G3: =INT(C3) -> 44429 | H3: =HOUR(B3) -> 9 | I3: =HOUR(C3) -> 17 | J3: =IF(F3=G3, 1, 0) -> 0 | K3: =IF(AND(F3=G3, H3=I3), 1, 0) -> 0
A4: ztp-wer-321 | B4: 44429 | C4: 44429.406 | D4: wrqy-juv-978 | E4: lmn-opq-56 | F4: =INT(B4) -> 44429 | G4: =INT(C4) -> 44429 | H4: =HOUR(B4) -> 0 | I4: =HOUR(C4) -> 9 | J4: =IF(F4=G4, 1, 0) -> 1 | K4: =IF(AND(F4=G4, H4=I4), 1, 0) -> 0
A5: abc-ghi-654 | B5: 44430 | C5: 44430.618 | D5: 8woh-k3u-23b | E5: rst-uvw-78 | F5: =INT(B5) -> 44430 | G5: =INT(C5) -> 44430 | H5: =HOUR(B5) -> 0 | I5: =HOUR(C5) -> 14 | J5: =IF(F5=G5, 1, 0) -> 1 | K5: =IF(AND(F5=G5, H5=I5), 1, 0) -> 0
A6: hjk-lmn-987 | B6: 44431 | C6: 44430.462 | D6: wrqy-juv-978 | E6: xyz-abc-90 | F6: =INT(B6) -> 44431 | G6: =INT(C6) -> 44430 | H6: =HOUR(B6) -> 0 | I6: =HOUR(C6) -> 11 | J6: =IF(F6=G6, 1, 0) -> 0 | K6: =IF(AND(F6=G6, H6=I6), 1, 0) -> 0

Sheet feedbacks
A1: cms_id | B1: feedback_at | C1: feedback_rating | D1: ticket_created_at
A2: vew-iuvd-12 | B2: 44429.56 | C2: 3 | D2: =INDEX(ticket!B:B,MATCH(A2,ticket!E:E,0)) -> 44427.379
A3: abc-xyz-34 | B3: 44429.75 | C3: 5 | D3: =INDEX(ticket!B:B,MATCH(A3,ticket!E:E,0)) -> 44428.379
A4: lmn-opq-56 | B4: 44429.427 | C4: 4 | D4: =INDEX(ticket!B:B,MATCH(A4,ticket!E:E,0)) -> 44429
A5: rst-uvw-78 | B5: 44430.632 | C5: 2 | D5: =INDEX(ticket!B:B,MATCH(A5,ticket!E:E,0)) -> 44430
A6: xyz-abc-90 | B6: 44430.5 | C6: 5 | D6: =INDEX(ticket!B:B,MATCH(A6,ticket!E:E,0)) -> 44431
